<metadata xml:lang="en"><Esri><CreaDate>20221208</CreaDate><CreaTime>13061800</CreaTime><ArcGISFormat>1.0</ArcGISFormat><SyncOnce>FALSE</SyncOnce><DataProperties><lineage><Process ToolSource="c:\program files\arcgis\pro\Resources\ArcToolbox\toolboxes\Data Management Tools.tbx\CreateFishnet" Date="20221208" Time="130618">CreateFishnet "C:\Users\dkooij\OneDrive - UvA\Documenten\MfS\LinearPro\Amsterdam\Amsterdam.gdb\fishy" "3853001.09240984 3074677.56025254" "3853001.09240984 3074687.56025254" 100 100 # # "4137288.28115273 3403186.85148553" NO_LABELS "3853001.09240984 3074677.56025254 4137288.28115273 3403186.85148553 PROJCS["ETRS_1989_LAEA",GEOGCS["GCS_ETRS_1989",DATUM["D_ETRS_1989",SPHEROID["GRS_1980",6378137.0,298.257222101]],PRIMEM["Greenwich",0.0],UNIT["Degree",0.0174532925199433]],PROJECTION["Lambert_Azimuthal_Equal_Area"],PARAMETER["False_Easting",4321000.0],PARAMETER["False_Northing",3210000.0],PARAMETER["Central_Meridian",10.0],PARAMETER["Latitude_Of_Origin",52.0],UNIT["Meter",1.0]]" Polygon</Process><Process ToolSource="c:\program files\arcgis\pro\Resources\ArcToolbox\toolboxes\Conversion Tools.tbx\ExportFeatures" Date="20221209" Time="132027">ExportFeatures Fishy "C:\Users\dkooij\OneDrive - UvA\Documenten\MfS\LinearPro\Amsterdam\Fishy_clip.shp" # NOT_USE_ALIAS "Shape_Length "Shape_Length" false true true 8 Double 0 0,First,#,Fishy,Shape_Length,-1,-1;Shape_Area "Shape_Area" false true true 8 Double 0 0,First,#,Fishy,Shape_Area,-1,-1" #</Process><Process ToolSource="c:\program files\arcgis\pro\Resources\ArcToolbox\toolboxes\Conversion Tools.tbx\ExportFeatures" Date="20221209" Time="134031">ExportFeatures Fishy_clip "C:\Users\dkooij\OneDrive - UvA\Documenten\MfS\LinearPro\Amsterdam\Fishy_intersect.shp" # NOT_USE_ALIAS "Shape_Leng "Shape_Leng" true true false 19 Double 0 0,First,#,Fishy_clip,Shape_Leng,-1,-1;Shape_Area "Shape_Area" true true false 19 Double 0 0,First,#,Fishy_clip,Shape_Area,-1,-1" #</Process><Process ToolSource="c:\program files\arcgis\pro\Resources\ArcToolbox\toolboxes\Conversion Tools.tbx\ExportFeatures" Date="20221209" Time="150522">ExportFeatures Fishy_intersect "C:\Users\dkooij\OneDrive - UvA\Documenten\MfS\LinearPro\Amsterdam\Ams_dataset\Ams_dataset.shp" # NOT_USE_ALIAS "Shape_Leng "Shape_Leng" true true false 19 Double 0 0,First,#,Fishy_intersect,Shape_Leng,-1,-1;Shape_Area "Shape_Area" true true false 19 Double 0 0,First,#,Fishy_intersect,Shape_Area,-1,-1" #</Process><Process ToolSource="c:\program files\arcgis\pro\Resources\ArcToolbox\toolboxes\Analysis Tools.tbx\SpatialJoin" Date="20221209" Time="151348">SpatialJoin Ams_dataset ww_point "C:\Users\dkooij\OneDrive - UvA\Documenten\MfS\LinearPro\Amsterdam\Ams_dataset\Ams_with_ww.shp" "Join one to one" KEEP_ALL "grid_code "grid_code" true true false 10 Long 0 10,First,#,ww_point,grid_code,-1,-1" Intersect # #</Process><Process ToolSource="c:\program files\arcgis\pro\Resources\ArcToolbox\toolboxes\Analysis Tools.tbx\SpatialJoin" Date="20221209" Time="152047">SpatialJoin Ams_with_ww pop_point "C:\Users\dkooij\OneDrive - UvA\Documenten\MfS\LinearPro\Amsterdam\Ams_dataset\Ams_with_pop.shp" "Join one to one" KEEP_ALL "Join_Count "Join_Count" true true false 10 Long 0 10,First,#,Ams_with_ww,Join_Count,-1,-1;TARGET_FID "TARGET_FID" true true false 10 Long 0 10,First,#,Ams_with_ww,TARGET_FID,-1,-1;grid_code "grid_code" true true false 10 Long 0 10,First,#,Ams_with_ww,grid_code,-1,-1;pointid "pointid" true true false 10 Long 0 10,First,#,pop_point,pointid,-1,-1;grid_cod_1 "grid_code" true true false 10 Long 0 10,First,#,pop_point,grid_code,-1,-1" Intersect # #</Process><Process ToolSource="c:\program files\arcgis\pro\Resources\ArcToolbox\toolboxes\Analysis Tools.tbx\SpatialJoin" Date="20221209" Time="152312">SpatialJoin Ams_with_pop dist_point "C:\Users\dkooij\OneDrive - UvA\Documenten\MfS\LinearPro\Amsterdam\Ams_dataset\Ams_with_dist.shp" "Join one to one" KEEP_ALL "grid_code "grid_code" true true false 10 Long 0 10,First,#,Ams_with_pop,grid_code,-1,-1;grid_cod_1 "grid_cod_1" true true false 10 Long 0 10,First,#,Ams_with_pop,grid_cod_1,-1,-1;grid_cod_2 "grid_code" true true false 13 Float 0 0,First,#,dist_point,grid_code,-1,-1" Intersect # #</Process><Process ToolSource="c:\program files\arcgis\pro\Resources\ArcToolbox\toolboxes\Analysis Tools.tbx\SpatialJoin" Date="20221209" Time="152434">SpatialJoin Ams_with_dist park_point "C:\Users\dkooij\OneDrive - UvA\Documenten\MfS\LinearPro\Amsterdam\Ams_dataset\Ams_with_park.shp" "Join one to one" KEEP_ALL "grid_code "grid_code" true true false 10 Long 0 10,First,#,Ams_with_dist,grid_code,-1,-1;grid_cod_1 "grid_cod_1" true true false 10 Long 0 10,First,#,Ams_with_dist,grid_cod_1,-1,-1;grid_cod_2 "grid_cod_2" true true false 13 Float 0 0,First,#,Ams_with_dist,grid_cod_2,-1,-1;grid_cod_3 "grid_code" true true false 10 Long 0 10,First,#,park_point,grid_code,-1,-1;PARK "PARK" true true false 1 Text 0 0,First,#,park_point,PARK,0,1" Intersect # #</Process><Process ToolSource="c:\program files\arcgis\pro\Resources\ArcToolbox\toolboxes\Analysis Tools.tbx\SpatialJoin" Date="20221209" Time="152623">SpatialJoin Ams_with_park NO2_point "C:\Users\dkooij\OneDrive - UvA\Documenten\MfS\LinearPro\Amsterdam\Ams_dataset\Am_Urban_Planning.shp" "Join one to one" KEEP_ALL "grid_code "grid_code" true true false 10 Long 0 10,First,#,Ams_with_park,grid_code,-1,-1;grid_cod_1 "grid_cod_1" true true false 10 Long 0 10,First,#,Ams_with_park,grid_cod_1,-1,-1;grid_cod_2 "grid_cod_2" true true false 13 Float 0 0,First,#,Ams_with_park,grid_cod_2,-1,-1;PARK "PARK" true true false 1 Text 0 0,First,#,Ams_with_park,PARK,0,1;grid_cod_4 "grid_code" true true false 13 Float 0 0,Mean,#,NO2_point,grid_code,-1,-1" Intersect # #</Process><Process ToolSource="c:\program files\arcgis\pro\Resources\ArcToolbox\toolboxes\Conversion Tools.tbx\ExportFeatures" Date="20221209" Time="153009">ExportFeatures Am_Urban_Planning "C:\Users\dkooij\OneDrive - UvA\Documenten\MfS\LinearPro\Amsterdam\Amsterdam_Urban_Planning\Amsterdam_Urban_Planning.shp" # NOT_USE_ALIAS "Join_Count "Join_Count" true true false 10 Long 0 10,First,#,Am_Urban_Planning,Join_Count,-1,-1;TARGET_FID "TARGET_FID" true true false 10 Long 0 10,First,#,Am_Urban_Planning,TARGET_FID,-1,-1;grid_code "grid_code" true true false 10 Long 0 10,First,#,Am_Urban_Planning,grid_code,-1,-1;grid_cod_1 "grid_cod_1" true true false 10 Long 0 10,First,#,Am_Urban_Planning,grid_cod_1,-1,-1;grid_cod_2 "grid_cod_2" true true false 13 Float 0 0,First,#,Am_Urban_Planning,grid_cod_2,-1,-1;PARK "PARK" true true false 1 Text 0 0,First,#,Am_Urban_Planning,PARK,0,1;grid_cod_4 "grid_cod_4" true true false 13 Float 0 0,First,#,Am_Urban_Planning,grid_cod_4,-1,-1" #</Process><Process ToolSource="c:\program files\arcgis\pro\Resources\ArcToolbox\toolboxes\Conversion Tools.tbx\ExportFeatures" Date="20221210" Time="161054">ExportFeatures Amsterdam_Urban_Planning "C:\Users\dkooij\OneDrive - UvA\Documenten\MfS\LinearPro\Amsterdam\WGS_files\Amsterdam_Urban_Planning.shp" # NOT_USE_ALIAS "Join_Count "Join_Count" true true false 10 Long 0 10,First,#,Amsterdam_Urban_Planning,Join_Count,-1,-1;TARGET_FID "TARGET_FID" true true false 10 Long 0 10,First,#,Amsterdam_Urban_Planning,TARGET_FID,-1,-1;grid_code "grid_code" true true false 10 Long 0 10,First,#,Amsterdam_Urban_Planning,grid_code,-1,-1;grid_cod_1 "grid_cod_1" true true false 10 Long 0 10,First,#,Amsterdam_Urban_Planning,grid_cod_1,-1,-1;grid_cod_2 "grid_cod_2" true true false 13 Float 0 0,First,#,Amsterdam_Urban_Planning,grid_cod_2,-1,-1;PARK "PARK" true true false 1 Text 0 0,First,#,Amsterdam_Urban_Planning,PARK,0,1;grid_cod_4 "grid_cod_4" true true false 13 Float 0 0,First,#,Amsterdam_Urban_Planning,grid_cod_4,-1,-1" #</Process></lineage><itemProps><itemName Sync="TRUE">Amsterdam_Urban_Planning</itemName><imsContentType Sync="TRUE">002</imsContentType><itemSize Sync="TRUE">0.000</itemSize><itemLocation><linkage Sync="TRUE">file://\\PRD-G-R5-3\C$\Users\dkooij\OneDrive - UvA\Documenten\MfS\LinearPro\Amsterdam\WGS_files\Amsterdam_Urban_Planning.shp</linkage><protocol Sync="TRUE">Local Area Network</protocol></itemLocation></itemProps><coordRef><type Sync="TRUE">Geographic</type><geogcsn Sync="TRUE">GCS_WGS_1984</geogcsn><csUnits Sync="TRUE">Angular Unit: Degree (0.017453)</csUnits><peXml Sync="TRUE">&lt;GeographicCoordinateSystem xsi:type='typens:GeographicCoordinateSystem' xmlns:xsi='http://www.w3.org/2001/XMLSchema-instance' xmlns:xs='http://www.w3.org/2001/XMLSchema' xmlns:typens='http://www.esri.com/schemas/ArcGIS/3.0.0'&gt;&lt;WKT&gt;GEOGCS[&amp;quot;GCS_WGS_1984&amp;quot;,DATUM[&amp;quot;D_WGS_1984&amp;quot;,SPHEROID[&amp;quot;WGS_1984&amp;quot;,6378137.0,298.257223563]],PRIMEM[&amp;quot;Greenwich&amp;quot;,0.0],UNIT[&amp;quot;Degree&amp;quot;,0.0174532925199433],AUTHORITY[&amp;quot;EPSG&amp;quot;,4326]]&lt;/WKT&gt;&lt;XOrigin&gt;-400&lt;/XOrigin&gt;&lt;YOrigin&gt;-400&lt;/YOrigin&gt;&lt;XYScale&gt;11258999068426.238&lt;/XYScale&gt;&lt;ZOrigin&gt;-100000&lt;/ZOrigin&gt;&lt;ZScale&gt;10000&lt;/ZScale&gt;&lt;MOrigin&gt;-100000&lt;/MOrigin&gt;&lt;MScale&gt;10000&lt;/MScale&gt;&lt;XYTolerance&gt;8.983152841195215e-09&lt;/XYTolerance&gt;&lt;ZTolerance&gt;0.001&lt;/ZTolerance&gt;&lt;MTolerance&gt;0.001&lt;/MTolerance&gt;&lt;HighPrecision&gt;true&lt;/HighPrecision&gt;&lt;LeftLongitude&gt;-180&lt;/LeftLongitude&gt;&lt;WKID&gt;4326&lt;/WKID&gt;&lt;LatestWKID&gt;4326&lt;/LatestWKID&gt;&lt;/GeographicCoordinateSystem&gt;</peXml></coordRef></DataProperties><SyncDate>20221210</SyncDate><SyncTime>16105300</SyncTime><ModDate>20221210</ModDate><ModTime>16105300</ModTime></Esri><dataIdInfo><envirDesc Sync="TRUE">Microsoft Windows Server 2016 Technical Preview Version 10.0 (Build 19044) ; Esri ArcGIS 13.0.0.36056</envirDesc><dataLang><languageCode value="eng" Sync="TRUE"></languageCode><countryCode value="USA" Sync="TRUE"></countryCode></dataLang><idCitation><resTitle Sync="TRUE">Amsterdam_Urban_Planning</resTitle><presForm><PresFormCd value="005" Sync="TRUE"></PresFormCd></presForm></idCitation><spatRpType><SpatRepTypCd value="001" Sync="TRUE"></SpatRepTypCd></spatRpType></dataIdInfo><mdLang><languageCode value="eng" Sync="TRUE"></languageCode><countryCode value="USA" Sync="TRUE"></countryCode></mdLang><distInfo><distFormat><formatName Sync="TRUE">Shapefile</formatName></distFormat><distTranOps><transSize Sync="TRUE">0.000</transSize></distTranOps></distInfo><mdHrLv><ScopeCd value="005" Sync="TRUE"></ScopeCd></mdHrLv><mdHrLvName Sync="TRUE">dataset</mdHrLvName><refSysInfo><RefSystem><refSysID><identCode code="4326" Sync="TRUE"></identCode><idCodeSpace Sync="TRUE">EPSG</idCodeSpace><idVersion Sync="TRUE">6.2(3.0.1)</idVersion></refSysID></RefSystem></refSysInfo><spatRepInfo><VectSpatRep><geometObjs Name="Amsterdam_Urban_Planning"><geoObjTyp><GeoObjTypCd value="002" Sync="TRUE"></GeoObjTypCd></geoObjTyp><geoObjCnt Sync="TRUE">0</geoObjCnt></geometObjs><topLvl><TopoLevCd value="001" Sync="TRUE"></TopoLevCd></topLvl></VectSpatRep></spatRepInfo><spdoinfo><ptvctinf><esriterm Name="Amsterdam_Urban_Planning"><efeatyp Sync="TRUE">Simple</efeatyp><efeageom code="4" Sync="TRUE"></efeageom><esritopo Sync="TRUE">FALSE</esritopo><efeacnt Sync="TRUE">0</efeacnt><spindex Sync="TRUE">FALSE</spindex><linrefer Sync="TRUE">FALSE</linrefer></esriterm></ptvctinf></spdoinfo><eainfo><detailed Name="Amsterdam_Urban_Planning"><enttyp><enttypl Sync="TRUE">Amsterdam_Urban_Planning</enttypl><enttypt Sync="TRUE">Feature Class</enttypt><enttypc Sync="TRUE">0</enttypc></enttyp><attr><attrlabl Sync="TRUE">FID</attrlabl><attalias Sync="TRUE">FID</attalias><attrtype Sync="TRUE">OID</attrtype><attwidth Sync="TRUE">4</attwidth><atprecis Sync="TRUE">0</atprecis><attscale Sync="TRUE">0</attscale><attrdef Sync="TRUE">Internal feature number.</attrdef><attrdefs Sync="TRUE">Esri</attrdefs><attrdomv><udom Sync="TRUE">Sequential unique whole numbers that are automatically generated.</udom></attrdomv></attr><attr><attrlabl Sync="TRUE">Shape</attrlabl><attalias Sync="TRUE">Shape</attalias><attrtype Sync="TRUE">Geometry</attrtype><attwidth Sync="TRUE">0</attwidth><atprecis Sync="TRUE">0</atprecis><attscale Sync="TRUE">0</attscale><attrdef Sync="TRUE">Feature geometry.</attrdef><attrdefs Sync="TRUE">Esri</attrdefs><attrdomv><udom Sync="TRUE">Coordinates defining the features.</udom></attrdomv></attr><attr><attrlabl Sync="TRUE">Join_Count</attrlabl><attalias Sync="TRUE">Join_Count</attalias><attrtype Sync="TRUE">Integer</attrtype><attwidth Sync="TRUE">10</attwidth><atprecis Sync="TRUE">10</atprecis><attscale Sync="TRUE">0</attscale></attr><attr><attrlabl Sync="TRUE">TARGET_FID</attrlabl><attalias Sync="TRUE">TARGET_FID</attalias><attrtype Sync="TRUE">Integer</attrtype><attwidth Sync="TRUE">10</attwidth><atprecis Sync="TRUE">10</atprecis><attscale Sync="TRUE">0</attscale></attr><attr><attrlabl Sync="TRUE">grid_code</attrlabl><attalias Sync="TRUE">grid_code</attalias><attrtype Sync="TRUE">Integer</attrtype><attwidth Sync="TRUE">10</attwidth><atprecis Sync="TRUE">10</atprecis><attscale Sync="TRUE">0</attscale></attr><attr><attrlabl Sync="TRUE">grid_cod_1</attrlabl><attalias Sync="TRUE">grid_cod_1</attalias><attrtype Sync="TRUE">Integer</attrtype><attwidth Sync="TRUE">10</attwidth><atprecis Sync="TRUE">10</atprecis><attscale Sync="TRUE">0</attscale></attr><attr><attrlabl Sync="TRUE">grid_cod_2</attrlabl><attalias Sync="TRUE">grid_cod_2</attalias><attrtype Sync="TRUE">Single</attrtype><attwidth Sync="TRUE">13</attwidth><atprecis Sync="TRUE">0</atprecis><attscale Sync="TRUE">0</attscale></attr><attr><attrlabl Sync="TRUE">PARK</attrlabl><attalias Sync="TRUE">PARK</attalias><attrtype Sync="TRUE">String</attrtype><attwidth Sync="TRUE">1</attwidth><atprecis Sync="TRUE">0</atprecis><attscale Sync="TRUE">0</attscale></attr><attr><attrlabl Sync="TRUE">grid_cod_4</attrlabl><attalias Sync="TRUE">grid_cod_4</attalias><attrtype Sync="TRUE">Single</attrtype><attwidth Sync="TRUE">13</attwidth><atprecis Sync="TRUE">0</atprecis><attscale Sync="TRUE">0</attscale></attr></detailed></eainfo><mdDateSt Sync="TRUE">20221210</mdDateSt></metadata>
