<PAMDataset>
  <Metadata>
    <MDI key="DataType">Generic</MDI>
  </Metadata>
  <PAMRasterBand band="1">
    <Description>dist_raster</Description>
    <Histograms>
      <HistItem>
        <HistMin>0</HistMin>
        <HistMax>2376.972900390625</HistMax>
        <BucketCount>256</BucketCount>
        <IncludeOutOfRange>1</IncludeOutOfRange>
        <Approximate>0</Approximate>
        <HistCounts>97|0|0|0|0|0|0|0|0|0|612|0|0|0|0|329|0|0|0|0|0|398|0|409|0|0|0|0|0|0|232|0|249|266|0|0|0|0|256|0|0|0|157|0|174|95|0|159|0|0|0|0|0|248|83|0|0|103|0|0|65|0|87|0|52|51|0|61|50|0|0|54|0|0|0|90|0|32|34|0|0|36|0|27|0|14|32|0|14|0|0|31|7|0|0|8|5|7|19|0|0|19|0|0|0|8|8|17|0|7|8|0|2|0|15|4|4|0|7|9|0|5|6|0|0|9|0|0|0|8|3|0|0|0|3|1|3|2|0|2|0|1|0|0|1|0|0|0|0|0|0|0|0|0|0|0|0|0|0|0|0|0|0|0|0|0|0|0|0|0|0|0|0|0|0|0|1|0|0|0|0|0|0|0|0|0|0|1|0|0|0|0|0|0|0|0|0|2|0|0|2|0|0|1|2|0|0|0|1|0|1|0|0|2|1|1|0|0|0|0|0|0|0|0|1|0|0|0|0|0|0|0|0|0|1|0|0|0|0|0|0|0|0|0|1|0|0|0|0|0|0|0|0|0|0|2</HistCounts>
      </HistItem>
    </Histograms>
    <Metadata>
      <MDI key="BandName">dist_raster</MDI>
      <MDI key="RepresentationType">ATHEMATIC</MDI>
      <MDI key="STATISTICS_COVARIANCES">67493.13683209103</MDI>
      <MDI key="STATISTICS_EXCLUDEDVALUES"></MDI>
      <MDI key="STATISTICS_MAXIMUM">2376.9729003906</MDI>
      <MDI key="STATISTICS_MEAN">373.69865220368</MDI>
      <MDI key="STATISTICS_MEDIAN">307.608258</MDI>
      <MDI key="STATISTICS_MINIMUM">0</MDI>
      <MDI key="STATISTICS_SKIPFACTORX">1</MDI>
      <MDI key="STATISTICS_SKIPFACTORY">1</MDI>
      <MDI key="STATISTICS_STDDEV">259.79441262677</MDI>
    </Metadata>
  </PAMRasterBand>
</PAMDataset>
