<PAMDataset>
  <Metadata>
    <MDI key="DataType">Generic</MDI>
  </Metadata>
  <PAMRasterBand band="1">
    <Description>NO2_raster</Description>
    <Histograms>
      <HistItem>
        <HistMin>0.4932964742183685</HistMin>
        <HistMax>36.82856369018555</HistMax>
        <BucketCount>256</BucketCount>
        <IncludeOutOfRange>1</IncludeOutOfRange>
        <Approximate>0</Approximate>
        <HistCounts>4|1|0|2|0|0|0|0|0|2|0|0|0|1|5|1|0|0|0|1|0|1|1|1|0|1|0|0|1|0|0|0|0|1|0|0|0|0|4|1|1|2|0|2|0|0|2|1|0|5|3|2|3|2|4|2|7|6|6|4|11|7|1|6|4|8|9|9|9|8|6|11|10|7|9|13|8|20|8|11|14|11|8|13|12|21|31|24|17|19|13|11|11|14|16|23|22|32|55|39|68|61|63|48|48|48|36|39|32|50|50|44|40|57|57|67|76|89|98|131|87|104|99|96|89|105|122|91|84|85|59|82|58|69|64|43|69|72|61|46|64|53|56|44|59|68|63|64|47|56|45|42|40|60|47|38|33|28|46|34|30|23|14|23|15|20|14|20|14|11|13|14|9|10|9|17|9|9|13|8|14|5|4|4|3|5|3|2|6|2|6|1|0|3|2|0|3|3|2|3|0|1|1|0|1|1|1|2|0|0|0|2|1|1|2|0|0|0|0|0|0|0|0|0|0|0|0|0|0|0|0|0|0|0|0|0|0|0|0|0|0|0|0|0|0|0|0|0|0|0|0|0|0|0|0|1</HistCounts>
      </HistItem>
    </Histograms>
    <Metadata>
      <MDI key="BandName">NO2_raster</MDI>
      <MDI key="RepresentationType">ATHEMATIC</MDI>
      <MDI key="STATISTICS_COVARIANCES">14.61118553339142</MDI>
      <MDI key="STATISTICS_EXCLUDEDVALUES"></MDI>
      <MDI key="STATISTICS_MAXIMUM">36.828563690186</MDI>
      <MDI key="STATISTICS_MEAN">18.368898979006</MDI>
      <MDI key="STATISTICS_MEDIAN">18.304702</MDI>
      <MDI key="STATISTICS_MINIMUM">0.49329647421837</MDI>
      <MDI key="STATISTICS_SKIPFACTORX">1</MDI>
      <MDI key="STATISTICS_SKIPFACTORY">1</MDI>
      <MDI key="STATISTICS_STDDEV">3.8224580486111</MDI>
    </Metadata>
  </PAMRasterBand>
</PAMDataset>
