<PAMDataset>
  <Metadata>
    <MDI key="DataType">Generic</MDI>
  </Metadata>
  <PAMRasterBand band="1">
    <Description>pop_raster</Description>
    <Histograms>
      <HistItem>
        <HistMin>0</HistMin>
        <HistMax>7120</HistMax>
        <BucketCount>256</BucketCount>
        <IncludeOutOfRange>1</IncludeOutOfRange>
        <Approximate>0</Approximate>
        <HistCounts>1259|270|264|239|220|226|206|192|178|124|171|111|137|84|93|81|88|59|53|31|34|55|16|20|20|42|28|20|9|11|23|9|28|6|23|42|10|14|10|9|9|27|0|14|15|7|22|0|0|0|15|9|0|0|0|5|0|5|0|0|13|0|15|0|0|0|0|0|0|0|0|15|8|0|0|0|0|0|0|0|16|0|0|0|23|0|0|0|0|23|0|0|0|0|0|0|0|0|0|0|0|0|0|0|0|0|0|25|0|0|0|0|0|0|0|0|0|0|0|0|0|0|0|0|0|0|0|0|0|0|0|0|0|0|0|0|0|0|0|0|0|0|0|0|0|0|0|0|0|0|0|0|0|0|0|0|0|0|0|0|0|0|0|0|0|0|0|0|0|0|0|0|0|0|0|0|0|0|0|0|0|0|0|0|0|0|0|0|0|0|0|0|0|0|0|0|0|0|0|0|0|0|0|0|0|0|0|0|0|0|0|0|0|0|0|0|0|0|0|0|0|0|0|0|0|0|0|0|0|0|0|0|0|0|0|0|0|0|0|0|0|0|0|0|0|0|0|0|0|0|0|0|0|0|0|34</HistCounts>
      </HistItem>
    </Histograms>
    <Metadata>
      <MDI key="BandName">pop_raster</MDI>
      <MDI key="RepresentationType">THEMATIC</MDI>
      <MDI key="STATISTICS_COVARIANCES">532997.2238663528</MDI>
      <MDI key="STATISTICS_EXCLUDEDVALUES"></MDI>
      <MDI key="STATISTICS_MAXIMUM">7120</MDI>
      <MDI key="STATISTICS_MEAN">350.04153686397</MDI>
      <MDI key="STATISTICS_MEDIAN">139.607843</MDI>
      <MDI key="STATISTICS_MINIMUM">0</MDI>
      <MDI key="STATISTICS_SKIPFACTORX">1</MDI>
      <MDI key="STATISTICS_SKIPFACTORY">1</MDI>
      <MDI key="STATISTICS_STDDEV">730.06658865226</MDI>
    </Metadata>
  </PAMRasterBand>
</PAMDataset>
